"","Indx","Call_ContractID","Call_Bid","Call_Ask","Call_Vol","Call_OI","Call_PrChg","Call_PrChgPct","Call_LastTrTime","Call_LastPr","Call_ImplVol","Call_ITM","Strike","Put_ITM","Put_ImplVol","Put_LastPr","Put_LastTrTime","Put_PrChgPct","Put_PrChg","Put_OI","Put_Vol","Put_Ask","Put_Bid","Put_ContractID"
"1",1,"SPXW230616C00200000",3899.9,3906.3,2,0,0,0,2023-04-04 11:20:10,3889.41,1e-05,TRUE,200,FALSE,1.9609376953125,0.05,2023-04-06 10:41:11,0,0,0,1,0.05,0,"SPX230616P00200000"
"2",2,"SPXW230616C00400000",3701.8,3708.2,4,0,0,0,2023-03-30 10:03:22,3642.86,1e-05,TRUE,400,FALSE,1.5000025,0.03,2023-03-16 12:23:50,0,0,0,250,0.05,0,"SPX230616P00400000"
"3",3,"SPX230616C00600000",3306.7,3319.9,1,1,0,0,2022-12-19 16:01:06,3200.07,1e-05,TRUE,600,FALSE,1.23828505859375,0.05,2023-03-27 12:23:26,0,0,0,30,0.05,0,"SPX230616P00600000"
"4",4,"SPX230616C00800000",3092,3104.5,1,81,0,0,2022-12-20 11:35:59,3000.5,1e-05,TRUE,800,FALSE,1.0546922265625,0.05,2023-03-27 12:23:53,0,0,0,350,0.05,0,"SPXW230616P00800000"
"5",5,"SPX230616C01000000",3107.8,3114.1,20,0,0,0,2023-04-11 15:52:13,3105.83,1.31299171630859,TRUE,1000,FALSE,0.95312546875,0.1,2023-04-05 12:40:19,0,0,0,13,0.1,0,"SPXW230616P01000000"
"6",6,"SPX230616C01100000",3008.7,3015,55,0,0,0,2023-03-13 13:02:08,2757.58,1.2814977331543,TRUE,1100,FALSE,0.89062609375,0.1,2023-04-03 16:05:47,0,0,0,2,0.1,0,"SPX230616P01100000"
"7",7,"SPXW230616C01200000",2909.3,2915.7,2,0,0,0,2023-03-31 09:36:46,2866.21,1.23022845825195,TRUE,1200,FALSE,0.85742330078125,0.1,2023-04-10 11:00:01,0,0,0,3,0.15,0,"SPX230616P01200000"
"8",8,"SPX230616C01300000",2681.3,2716.1,2500,11432,0,0,2022-12-15 14:31:26,2587.35,1e-05,TRUE,1300,FALSE,0.844728115234375,1.25,2023-03-16 09:31:03,0,0,0,3,0.2,0.1,"SPX230616P01300000"
"9",9,"SPX230616C01400000",2626.6,2630.8,1,4,0,0,2023-02-27 15:38:00,2577.02,1e-05,TRUE,1400,FALSE,0.801759794921875,0.2,2023-04-04 11:19:17,0,0,0,2,0.25,0.1,"SPXW230616P01400000"
"10",10,"SPX230616C01500000",2611.7,2619,6,0,0,0,2023-03-28 09:40:09,2472.67,1.10165854446411,TRUE,1500,FALSE,0.760744580078125,0.25,2023-04-06 09:53:51,0,0,0,15,0.25,0.15,"SPXW230616P01500000"
"11",11,"SPX230616C01600000",2429.1,2433.4,3,4,0,0,2023-02-27 15:40:33,2380.52,1e-05,TRUE,1600,FALSE,0.713870048828125,0.22,2023-04-06 13:40:37,0,0,0,520,0.25,0.15,"SPX230616P01600000"
"12",12,"SPX230616C01700000",2360.8,2392.8,1,9,0,0,2022-12-28 15:02:03,2109.17,1e-05,TRUE,1700,FALSE,0.692874165039063,0.25,2023-04-10 13:15:17,0,0,0,30,0.35,0.25,"SPXW230616P01700000"
"13",13,"SPX230616C01800000",2307,2312.7,10,0,0,0,2023-03-05 20:16:46,2248.5,0.719363157958984,TRUE,1800,FALSE,0.654788608398438,0.4,2023-04-10 10:51:43,0,0,0,1,0.4,0.25,"SPX230616P01800000"
"14",14,"SPX230616C01900000",2215.7,2222.9,1,0,0,0,2023-03-28 14:02:18,2062.49,0.926850096740723,TRUE,1900,FALSE,0.632327895507813,0.65,2023-04-04 11:21:42,0,0,0,1,0.5,0.4,"SPXW230616P01900000"
"15",15,"SPX230616C02000000",2118,2124.2,21,0,0,0,2023-04-11 15:52:13,2115.68,0.894745925598144,TRUE,2000,FALSE,0.604007866210938,0.55,2023-04-11 15:53:28,0,0,0,2,0.6,0.5,"SPXW230616P02000000"
"16",16,"SPX230616C02100000",1861,1872.6,1,6,0,0,2022-12-19 13:11:34,1752.77,1e-05,TRUE,2100,FALSE,0.577030596923828,0.65,2023-04-11 15:50:11,0,0,0,1,0.75,0.6,"SPXW230616P02100000"
"17",17,"SPX230616C02200000",1871.9,1903.8,2,133,0,0,2022-12-28 10:00:53,1666.34,1e-05,TRUE,2200,FALSE,0.547245738525391,0.72,2023-04-11 10:10:04,0,0,0,250,0.85,0.7,"SPX230616P02200000"
"18",18,"SPX230616C02250000",1892.2,1916.2,4,281,0,0,2023-01-06 10:22:45,1624.2,1.00114940345764,TRUE,2250,FALSE,0.535649174804688,1.25,2023-04-04 09:54:07,0,0,0,30,0.95,0.8,"SPXW230616P02250000"
"19",19,"SPX230616C02300000",1811.1,1817.4,NA,2,0,0,2023-03-07 16:14:07,1703.58,0.646548944702148,TRUE,2300,FALSE,0.523442265625,1.05,2023-04-10 12:05:13,0,0,0,615,1.05,0.9,"SPX230616P02300000"
"20",20,NA,NA,NA,NA,NA,NA,NA,NA,NA,NA,NA,2350,FALSE,0.51093018371582,1.1,2023-04-11 15:51:02,0,0,0,1,1.15,1,"SPXW230616P02350000"
"21",21,"SPX230616C02400000",1721.2,1728.4,50,0,0,0,2023-03-22 10:05:39,1618,0.725634457550049,TRUE,2400,FALSE,0.501530863647461,1.2,2023-04-11 11:46:40,0,0,0,12,1.25,1.1,"SPX230616P02400000"
"22",22,"SPX230616C02450000",1662.9,1669.3,NA,2,0,0,2023-03-07 16:14:07,1556.33,0.610721666259766,TRUE,2450,FALSE,0.490178438110352,1.3,2023-04-11 11:46:38,0,0,0,33,1.4,1.25,"SPX230616P02450000"
"23",23,"SPX230616C02500000",1622.4,1629.6,NA,0,0,0,2023-03-21 13:57:11,1501.43,0.687518383636475,TRUE,2500,FALSE,0.478337736206055,1.45,2023-04-11 13:03:34,0,0,0,55,1.55,1.4,"SPXW230616P02500000"
"24",24,NA,NA,NA,NA,NA,NA,NA,NA,NA,NA,NA,2550,FALSE,0.466069792480469,1.5,2023-04-11 14:58:04,0,0,0,48,1.7,1.55,"SPX230616P02550000"
"25",25,NA,NA,NA,NA,NA,NA,NA,NA,NA,NA,NA,2575,FALSE,0.45898978515625,1.96,2023-04-06 12:53:39,0,0,0,1000,1.75,1.6,"SPX230616P02575000"
"26",26,"SPX230616C02600000",1338.4,1345.8,2,5,0,0,2023-02-17 09:51:19,1483.69,1e-05,TRUE,2600,FALSE,0.453496676025391,1.85,2023-04-11 15:53:25,0,0,0,2219,1.85,1.7,"SPX230616P02600000"
"27",27,"SPX230616C02625000",1433.6,1456.7,9,9,0,0,2023-02-02 15:05:19,1556.04,1e-05,TRUE,2625,FALSE,0.447820463256836,2.1,2023-04-06 15:22:04,0,0,0,1,1.95,1.8,"SPXW230616P02625000"
"28",28,"SPX230616C02650000",0,0,9,9,0,0,2023-02-02 15:05:19,1531.89,1e-05,TRUE,2650,FALSE,0.442022181396484,2.05,2023-04-10 14:30:03,0,0,0,91,2.05,1.9,"SPXW230616P02650000"
"29",29,NA,NA,NA,NA,NA,NA,NA,NA,NA,NA,NA,2675,FALSE,0.436132347717285,2.05,2023-04-11 10:01:23,0,0,0,1,2.15,1.95,"SPX230616P02675000"
"30",30,"SPX230616C02700000",1424.9,1432.2,2,0,0,0,2023-04-10 10:14:42,1397.53,0.613147789459229,TRUE,2700,FALSE,0.42889975402832,2.05,2023-04-11 13:29:56,0,0,0,81,2.2,2.1,"SPXW230616P02700000"
"31",31,NA,NA,NA,NA,NA,NA,NA,NA,NA,NA,NA,2725,FALSE,0.424047507629395,2.44,2023-04-10 12:03:51,0,0,0,181,2.35,2.15,"SPX230616P02725000"
"32",32,"SPXW230616C02750000",1376.2,1382.4,1,0,0,0,2023-03-17 10:03:13,1233.03,0.595363848648071,TRUE,2750,FALSE,0.417883018493652,2.26,2023-04-11 12:18:19,0,0,0,13,2.45,2.3,"SPX230616P02750000"
"33",33,"SPX230616C02775000",1278,1300.9,NA,10,0,0,2022-10-13 11:07:18,915.5,1e-05,TRUE,2775,FALSE,0.412725599365234,3.4,2023-04-05 14:26:08,0,0,0,94,2.6,2.45,"SPXW230616P02775000"
"34",34,"SPX230616C02800000",1326.3,1333.5,34,0,0,0,2023-03-24 16:00:15,1195,0.576664389648437,TRUE,2800,FALSE,0.406378006591797,2.72,2023-04-10 15:16:49,0,0,0,2,2.7,2.55,"SPXW230616P02800000"
"35",35,NA,NA,NA,NA,NA,NA,NA,NA,NA,NA,NA,2825,FALSE,0.400945932006836,4.05,2023-04-04 12:08:42,0,0,0,58,2.85,2.7,"SPXW230616P02825000"
"36",36,NA,NA,NA,NA,NA,NA,NA,NA,NA,NA,NA,2850,FALSE,0.394445752868652,3.2,2023-04-06 12:40:58,0,0,0,124,2.95,2.85,"SPXW230616P02850000"
"37",37,"SPX230616C02875000",1252.4,1259.6,NA,0,0,0,2023-03-20 10:05:10,1098.2,0.549847336044312,TRUE,2875,FALSE,0.388800057373047,3,2023-04-11 11:45:40,0,0,0,10,3.1,2.9,"SPX230616P02875000"
"38",38,"SPXW230616C02900000",1228.6,1234.8,NA,0,0,0,2023-03-22 15:59:32,1072.89,0.542698664855957,TRUE,2900,FALSE,0.383856259155273,3.11,2023-04-11 11:22:09,0,0,0,10,3.3,3.1,"SPXW230616P02900000"
"39",39,"SPX230616C02925000",1433.8,1446.9,NA,1,0,0,2022-07-13 10:04:44,998.73,1.18584086280823,TRUE,2925,FALSE,0.377142459106445,4.6,2023-04-05 11:43:44,0,0,0,1,3.4,3.2,"SPX230616P02925000"
"40",40,"SPX230616C02950000",1119,1141.4,NA,10,0,0,2022-10-13 09:33:58,719.1,1e-05,TRUE,2950,FALSE,0.371924005432129,3.7,2023-04-10 15:42:12,0,0,0,213,3.6,3.4,"SPXW230616P02950000"
"41",41,"SPX230616C02975000",765.6,771.2,1,1,0,0,2022-09-15 09:39:08,1069.65,1e-05,TRUE,2975,FALSE,0.366552965393066,3.6,2023-04-11 11:28:07,0,0,0,30,3.8,3.6,"SPXW230616P02975000"
"42",42,"SPX230616C03000000",1130,1136.6,7,0,0,0,2023-04-10 13:16:19,1119.58,0.507352033462524,TRUE,3000,FALSE,0.358252267150879,3.6,2023-04-11 15:18:46,0,0,0,27,3.8,3.7,"SPX230616P03000000"
"43",43,NA,NA,NA,NA,NA,NA,NA,NA,NA,NA,NA,3025,FALSE,0.354040883483887,4,2023-04-11 16:03:39,0,0,0,1,4.1,3.9,"SPX230616P03025000"
"44",44,"SPX230616C03050000",1031.4,1050.7,NA,1,0,0,2022-10-14 12:03:48,732.9,1e-05,TRUE,3050,FALSE,0.348334153442383,4.11,2023-04-11 11:22:33,0,0,0,4,4.3,4.1,"SPX230616P03050000"
"45",45,"SPX230616C03075000",1055.7,1062.9,2,0,0,0,2023-03-14 11:58:26,891.13,0.495740211105347,TRUE,3075,FALSE,0.343680269317627,4.8,2023-04-06 14:54:18,0,0,0,20,4.6,4.4,"SPXW230616P03075000"
"46",46,"SPX230616C03100000",0,0,2,3,0,0,2022-11-18 14:08:04,957.1,1e-05,TRUE,3100,FALSE,0.337683625183105,4.7,2023-04-11 12:42:44,0,0,0,50,4.8,4.7,"SPXW230616P03100000"
"47",47,"SPX230616C03125000",649.3,654.5,1,1,0,0,2022-09-15 09:38:42,945.62,1e-05,TRUE,3125,FALSE,0.332648275146484,4.75,2023-04-11 13:48:21,0,0,0,1,5.1,4.9,"SPXW230616P03125000"
"48",48,"SPX230616C03150000",788.9,797.5,2,28,0,0,2023-02-13 14:28:09,1028.08,1e-05,TRUE,3150,FALSE,0.327429821472168,4.95,2023-04-11 14:57:21,0,0,0,30,5.4,5.2,"SPXW230616P03150000"
"49",49,"SPX230616C03175000",995,1003.7,NA,1,0,0,2022-10-31 15:30:41,837.26,0.573391412124634,TRUE,3175,FALSE,0.321051711425781,5.7,2023-04-11 15:57:17,0,0,0,24,5.6,5.4,"SPX230616P03175000"
"50",50,"SPX230616C03200000",933.8,940.4,1,0,0,0,2023-03-24 12:27:19,776.5,0.451352837600708,TRUE,3200,FALSE,0.316443603210449,6,2023-04-10 15:01:36,0,0,0,6,6,5.9,"SPXW230616P03200000"
"51",51,"SPX230616C03225000",719.6,728,1,21,0,0,2023-02-13 14:28:09,957.21,1e-05,TRUE,3225,FALSE,0.310736873168945,6.6,2023-04-10 12:02:39,0,0,0,1,6.3,6.1,"SPX230616P03225000"
"52",52,NA,NA,NA,NA,NA,NA,NA,NA,NA,NA,NA,3240,FALSE,0.30741049041748,6.53,2023-04-11 10:58:55,0,0,0,750,6.5,6.3,"SPX230616P03240000"
"53",53,"SPX230616C03250000",884.5,891.6,4,0,0,0,2023-04-11 14:01:13,896.5,0.434133466339111,TRUE,3250,FALSE,0.305701523132324,6.8,2023-04-11 15:59:41,0,0,0,778,6.7,6.5,"SPX230616P03250000"
"54",54,NA,NA,NA,NA,NA,NA,NA,NA,NA,NA,NA,3260,FALSE,0.303946779937744,6.8,2023-04-11 16:00:01,0,0,0,1,6.9,6.6,"SPX230616P03260000"
"55",55,NA,NA,NA,NA,NA,NA,NA,NA,NA,NA,NA,3270,FALSE,0.301352811737061,6.9,2023-04-11 11:10:11,0,0,0,10,7,6.8,"SPX230616P03270000"
"56",56,"SPX230616C03275000",798.6,803.6,NA,2,0,0,2022-12-19 10:05:01,683.78,1e-05,TRUE,3275,FALSE,0.300452552185059,7,2023-04-11 10:54:24,0,0,0,1,7.1,6.9,"SPX230616P03275000"
"57",57,NA,NA,NA,NA,NA,NA,NA,NA,NA,NA,NA,3280,FALSE,0.299537033996582,7,2023-04-11 11:44:41,0,0,0,10,7.2,7,"SPX230616P03280000"
"58",58,NA,NA,NA,NA,NA,NA,NA,NA,NA,NA,NA,3290,FALSE,0.297660221710205,7.1,2023-04-11 11:45:11,0,0,0,5,7.4,7.2,"SPX230616P03290000"
"59",59,"SPX230616C03300000",0,0,15,0,0,0,2023-03-10 12:10:46,647.1,1e-05,TRUE,3300,FALSE,0.296470048065186,7.6,2023-04-11 16:00:18,0,0,0,95,7.7,7.5,"SPXW230616P03300000"
"60",60,NA,NA,NA,NA,NA,NA,NA,NA,NA,NA,NA,3310,FALSE,0.294501683959961,8.4,2023-04-10 11:10:11,0,0,0,2,7.9,7.7,"SPXW230616P03310000"
"61",61,NA,NA,NA,NA,NA,NA,NA,NA,NA,NA,NA,3320,FALSE,0.292487543945312,8,2023-04-11 10:06:44,0,0,0,3,8.1,7.9,"SPXW230616P03320000"
"62",62,"SPX230616C03325000",0,0,2,15,0,0,2022-11-14 13:15:42,809.89,1e-05,TRUE,3325,FALSE,0.292151853942871,8.93,2023-04-06 14:02:21,0,0,0,50,8.3,8,"SPXW230616P03325000"
"63",63,"SPXW230616C03330000",807.8,813.9,NA,0,0,0,2023-03-15 11:55:02,601.02,0.407453740463257,TRUE,3330,FALSE,0.289756248016357,7.9,2023-04-11 11:44:26,0,0,0,4,8.2,8,"SPX230616P03330000"
"64",64,NA,NA,NA,NA,NA,NA,NA,NA,NA,NA,NA,3340,FALSE,0.288337194824219,8.4,2023-04-11 16:00:01,0,0,0,1,8.5,8.2,"SPX230616P03340000"
"65",65,"SPX230616C03350000",787.8,794.5,1,0,0,0,2023-03-22 14:34:02,704.25,0.400751384391785,TRUE,3350,FALSE,0.286216244354248,7.9,2023-04-11 15:22:45,0,0,0,3,8.7,8.5,"SPX230616P03350000"
"66",66,NA,NA,NA,NA,NA,NA,NA,NA,NA,NA,NA,3360,FALSE,0.284064776611328,8.6,2023-04-11 11:45:06,0,0,0,8,8.9,8.7,"SPX230616P03360000"
"67",67,"SPX230616C03370000",755.3,760.9,NA,1,0,0,2023-01-18 09:42:08,715.51,0.3437565625,TRUE,3370,FALSE,0.283721457290649,9.9,2023-04-06 15:38:13,0,0,0,73,9.4,9.1,"SPXW230616P03370000"
"68",68,"SPX230616C03375000",0,0,2,17,0,0,2022-11-18 13:21:05,721.71,1e-05,TRUE,3375,FALSE,0.282592318191528,10.21,2023-04-06 14:02:21,0,0,0,190,9.5,9.2,"SPXW230616P03375000"
"69",69,NA,NA,NA,NA,NA,NA,NA,NA,NA,NA,NA,3380,FALSE,0.28145554977417,10.4,2023-04-06 15:41:45,0,0,0,26,9.6,9.4,"SPXW230616P03380000"
"70",70,NA,NA,NA,NA,NA,NA,NA,NA,NA,NA,NA,3390,FALSE,0.279746582489014,10.4,2023-04-10 15:31:32,0,0,0,1,9.9,9.7,"SPXW230616P03390000"
"71",71,"SPX230616C03400000",739.4,746.3,1,0,0,0,2023-04-11 12:05:22,743.83,0.384718372116089,TRUE,3400,FALSE,0.276839812240601,10.1,2023-04-11 15:59:56,0,0,0,3762,10,9.8,"SPX230616P03400000"
"72",72,"SPX230616C03410000",750.1,754.1,NA,0,0,0,2023-01-10 15:09:13,601.4,0.430902450065613,TRUE,3410,FALSE,0.275046922454834,10.4,2023-04-11 15:59:43,0,0,0,1,10.3,10.1,"SPX230616P03410000"
"73",73,NA,NA,NA,NA,NA,NA,NA,NA,NA,NA,NA,3420,FALSE,0.273208256759644,10.8,2023-04-11 15:54:04,0,0,0,7,10.6,10.4,"SPX230616P03420000"
"74",74,"SPX230616C03425000",0,0,4,4,0,0,2022-11-14 13:54:34,736.49,1e-05,TRUE,3425,FALSE,0.272544506072998,9.81,2023-04-11 14:24:24,0,0,0,47,10.8,10.6,"SPX230616P03425000"
"75",75,NA,NA,NA,NA,NA,NA,NA,NA,NA,NA,NA,3430,FALSE,0.272384290390015,15.6,2023-04-05 12:43:21,0,0,0,44,11.1,10.9,"SPXW230616P03430000"
"76",76,"SPX230616C03440000",701.1,708.1,1,0,0,0,2023-03-31 10:04:15,668,0.372664049301147,TRUE,3440,FALSE,0.269897132644653,10.8,2023-04-11 15:43:03,0,0,0,30,11.3,11,"SPX230616P03440000"
"77",77,"SPX230616C03450000",691.5,698.4,1,0,0,0,2023-03-13 15:25:29,497.9,0.369154562911987,TRUE,3450,FALSE,0.268409415588379,11.7,2023-04-11 15:59:50,0,0,0,147,11.7,11.4,"SPX230616P03450000"
"78",78,NA,NA,NA,NA,NA,NA,NA,NA,NA,NA,NA,3460,FALSE,0.266349499664307,11.6,2023-04-11 11:44:11,0,0,0,3,12,11.8,"SPX230616P03460000"
"79",79,"SPX230616C03470000",466,490,NA,10,0,0,2023-02-08 12:11:01,724.6,1e-05,TRUE,3470,FALSE,0.265693378295898,17.7,2023-04-05 12:26:36,0,0,0,98,12.6,12.4,"SPXW230616P03470000"
"80",80,"SPX230616C03475000",560.5,564.5,1,72,0,0,2023-01-31 13:37:52,652.17,1e-05,TRUE,3475,FALSE,0.264846523971558,12.5,2023-04-11 11:04:00,0,0,0,3,12.8,12.6,"SPXW230616P03475000"
"81",81,"SPX230616C03480000",553.9,557.4,NA,10,0,0,2023-01-31 10:09:36,624.3,1e-05,TRUE,3480,FALSE,0.263046004867554,11.9,2023-04-11 12:12:27,0,0,0,1,12.8,12.5,"SPX230616P03480000"
"82",82,NA,NA,NA,NA,NA,NA,NA,NA,NA,NA,NA,3490,FALSE,0.261298890991211,13.5,2023-04-11 15:57:38,0,0,0,12,13.2,13,"SPX230616P03490000"
"83",83,"SPXW230616C03500000",644.8,650.7,3,0,0,0,2023-04-05 15:11:45,621.84,0.353644158935547,TRUE,3500,FALSE,0.260833502578735,12.77,2023-04-11 14:04:57,0,0,0,10,13.9,13.6,"SPXW230616P03500000"
"84",84,NA,NA,NA,NA,NA,NA,NA,NA,NA,NA,NA,3510,FALSE,0.258941431655884,19.3,2023-04-05 10:30:30,0,0,0,20,14.3,14.1,"SPXW230616P03510000"
"85",85,"SPXW230616C03520000",626.1,631.9,2,0,0,0,2023-03-16 13:46:59,508.91,0.348036610031128,TRUE,3520,FALSE,0.257407938690186,14.7,2023-04-11 15:51:06,0,0,0,25,14.8,14.6,"SPXW230616P03520000"
"86",86,"SPX230616C03525000",466.3,492.2,1,107,0,0,2023-02-16 14:16:33,674.94,1e-05,TRUE,3525,FALSE,0.256416127319336,19.1,2023-04-05 14:55:01,0,0,0,116,15,14.8,"SPXW230616P03525000"
"87",87,"SPXW230616C03530000",616.5,622.4,NA,0,0,0,2023-03-20 11:59:47,491.27,0.34491621887207,TRUE,3530,FALSE,0.255813411178589,15.2,2023-04-11 15:51:06,0,0,0,26,15.3,15,"SPXW230616P03530000"
"88",88,"SPXW230616C03540000",607.1,612.9,NA,0,0,0,2023-03-28 13:43:59,479.09,0.341772939758301,TRUE,3540,FALSE,0.254142590484619,15,2023-04-11 11:23:36,0,0,0,1,15.8,15.6,"SPXW230616P03540000"
"89",89,"SPX230616C03550000",597.1,603.8,1,0,0,0,2023-04-10 10:02:56,568.11,0.339640545310974,TRUE,3550,FALSE,0.252792201156616,16.12,2023-04-11 16:08:04,0,0,0,9,16.4,16.1,"SPXW230616P03550000"
"90",90,"SPX230616C03560000",0,0,NA,0,0,0,2023-03-10 09:44:54,419.36,1e-05,TRUE,3560,FALSE,0.250984052734375,17.7,2023-04-10 13:48:42,0,0,0,3,16.9,16.7,"SPXW230616P03560000"
"91",91,"SPX230616C03570000",465.7,469.2,10,11,0,0,2023-01-30 10:59:41,566.4,1e-05,TRUE,3570,FALSE,0.249473447723389,23.4,2023-04-05 13:18:45,0,0,0,21,17.5,17.2,"SPXW230616P03570000"
"92",92,"SPX230616C03575000",573.8,580.4,1,0,0,0,2023-03-28 11:33:29,460.68,0.33246135684967,TRUE,3575,FALSE,0.248695257263184,24,2023-04-05 10:42:42,0,0,0,21,17.8,17.5,"SPXW230616P03575000"
"93",93,"SPX230616C03580000",0,0,NA,0,0,0,2023-03-10 14:33:44,391.25,1e-05,TRUE,3580,FALSE,0.247894178848267,20,2023-04-06 14:03:52,0,0,0,42,18.1,17.8,"SPXW230616P03580000"
"94",94,"SPX230616C03590000",560,566.6,1,0,0,0,2023-03-20 12:31:47,435.57,0.328642883071899,TRUE,3590,FALSE,0.246238616790771,18.8,2023-04-11 10:39:22,0,0,0,1,18.7,18.4,"SPXW230616P03590000"
"95",95,"SPXW230616C03600000",551.2,557,1,0,0,0,2023-04-10 13:50:47,543.51,0.325072362136841,TRUE,3600,FALSE,0.243816308250427,18.11,2023-04-11 15:40:15,0,0,0,4470,19.1,18.8,"SPX230616P03600000"
"96",96,"SPXW230616C03610000",542,547.7,1,0,0,0,2023-04-10 13:50:47,534.31,0.322203738479614,TRUE,3610,FALSE,0.242370552444458,22.75,2023-04-10 10:09:44,0,0,0,62,19.8,19.5,"SPX230616P03610000"
"97",97,"SPXW230616C03615000",537.4,543.1,NA,0,0,0,2023-03-29 10:32:30,456.89,0.320876237106323,TRUE,3615,FALSE,0.241783094940186,23.15,2023-04-10 10:09:44,0,0,0,2,20.2,19.8,"SPX230616P03615000"
"98",98,"SPXW230616C03620000",415.1,419.1,NA,1,0,0,2023-02-07 13:41:41,574.15,1e-05,TRUE,3620,FALSE,0.24083705947876,19.36,2023-04-11 12:18:07,0,0,0,2,20.5,20.2,"SPX230616P03620000"
"99",99,"SPX230616C03625000",527.7,534.3,45,0,0,0,2023-03-16 10:55:20,392.04,0.31912912322998,TRUE,3625,FALSE,0.240852318115234,21.7,2023-04-10 15:59:50,0,0,0,1,21.1,20.9,"SPXW230616P03625000"
"100",100,"SPX230616C03630000",523,529.5,NA,0,0,0,2023-03-15 14:33:07,372.3,0.317294272193909,TRUE,3630,FALSE,0.240188567428589,24.3,2023-04-06 13:05:51,0,0,0,1,21.5,21.2,"SPXW230616P03630000"
"101",101,NA,NA,NA,NA,NA,NA,NA,NA,NA,NA,NA,3635,FALSE,0.239494299468994,24.1,2023-04-10 11:40:11,0,0,0,46,21.9,21.6,"SPXW230616P03635000"
"102",102,"SPXW230616C03640000",514.7,520.3,2,0,0,0,2023-04-04 09:35:16,536.86,0.314536273651123,TRUE,3640,FALSE,0.237846366729736,21.72,2023-04-11 09:52:18,0,0,0,1,22,21.7,"SPX230616P03640000"
"103",103,"SPX230616C03645000",509.3,515.8,NA,0,0,0,2023-03-23 10:42:24,417.77,0.313368987960815,TRUE,3645,FALSE,0.238044729003906,20.9,2023-04-11 13:56:21,0,0,0,1,22.7,22.4,"SPXW230616P03645000"
"104",104,"SPX230616C03650000",504.7,511.2,1,0,0,0,2023-03-24 12:08:19,387.49,0.311965193405151,TRUE,3650,FALSE,0.237289426498413,23.5,2023-04-11 15:53:00,0,0,0,9,23.1,22.8,"SPXW230616P03650000"
"105",105,"SPX230616C03655000",500.2,506.7,4,0,0,0,2023-03-21 15:15:05,424.61,0.310771205101013,TRUE,3655,FALSE,0.235610976486206,24.43,2023-04-10 13:12:41,0,0,0,4,23.2,22.8,"SPX230616P03655000"
"106",106,"SPX230616C03660000",495.6,502.1,NA,0,0,0,2023-04-04 09:50:17,513.92,0.309344522590637,TRUE,3660,FALSE,0.235710157623291,24.3,2023-04-11 15:53:00,0,0,0,6,23.9,23.6,"SPXW230616P03660000"
"107",107,"SPX230616C03665000",491.2,497.6,2,0,0,0,2023-03-20 10:29:29,380.85,0.308127646331787,TRUE,3665,FALSE,0.234890005912781,23.3,2023-04-11 15:43:45,0,0,0,9,24.3,24,"SPXW230616P03665000"
"108",108,"SPXW230616C03670000",487.3,492.8,2,0,0,0,2023-03-28 12:09:21,381.8,0.306231760749817,TRUE,3670,FALSE,0.234046966247559,23.1,2023-04-11 15:37:59,0,0,0,8,24.7,24.5,"SPXW230616P03670000"
"109",109,"SPXW230616C03675000",483,488.5,2,0,0,0,2023-03-31 12:52:00,470.77,0.305434496994019,TRUE,3675,FALSE,0.232612654418945,22.8,2023-04-11 14:34:26,0,0,0,107,24.9,24.5,"SPX230616P03675000"
"110",110,"SPXW230616C03680000",478.2,483.8,4,0,0,0,2023-04-04 10:33:32,496.29,0.303744603004456,TRUE,3680,FALSE,0.232589766464233,30.9,2023-04-10 09:30:40,0,0,0,3,25.6,25.3,"SPXW230616P03680000"
"111",111,"SPX230616C03685000",473.1,479.5,NA,0,0,0,2023-03-27 13:30:22,382.88,0.302913007316589,TRUE,3685,FALSE,0.231124937362671,27.41,2023-04-10 13:29:49,0,0,0,31,25.8,25.4,"SPX230616P03685000"
"112",112,"SPX230616C03690000",468.6,475,2,0,0,0,2023-03-23 10:55:05,392.04,0.301635096511841,TRUE,3690,FALSE,0.231311855659485,34.2,2023-04-06 10:24:17,0,0,0,37,26.6,26.3,"SPXW230616P03690000"
"113",113,"SPX230616C03695000",464.2,470.5,2,0,0,0,2023-03-31 10:27:33,438.33,0.300338112411499,TRUE,3695,FALSE,0.23036200553894,27.4,2023-04-11 15:53:54,0,0,0,31,27,26.7,"SPXW230616P03695000"
"114",114,"SPX230616C03700000",460.4,465.8,1,0,0,0,2023-04-05 15:45:39,446.31,0.298606257171631,TRUE,3700,FALSE,0.228855215187073,25.86,2023-04-11 15:43:51,0,0,0,950,27.2,26.8,"SPX230616P03700000"
"115",115,"SPX230616C03705000",455.2,461.6,2,0,0,0,2023-03-30 10:25:14,411.62,0.297927247848511,TRUE,3705,FALSE,0.227874847793579,34.22,2023-04-05 14:49:39,0,0,0,19,27.6,27.3,"SPX230616P03705000"
"116",116,"SPX230616C03710000",450.8,457.1,2,0,0,0,2023-03-30 10:18:29,402.78,0.296592117156982,TRUE,3710,FALSE,0.227142433242798,26.55,2023-04-11 15:39:08,0,0,0,22,28.1,27.8,"SPX230616P03710000"
"117",117,"SPX230616C03715000",446.4,452.7,2,0,0,0,2023-04-03 15:45:06,465.7,0.295455348739624,TRUE,3715,FALSE,0.226383316078186,35.35,2023-04-03 11:28:04,0,0,0,2,28.6,28.3,"SPX230616P03715000"
"118",118,"SPXW230616C03720000",442.6,448,2,0,0,0,2023-03-31 14:57:19,431.43,0.293681532249451,TRUE,3720,FALSE,0.225601310958862,27.08,2023-04-11 15:43:19,0,0,0,180,29.1,28.8,"SPX230616P03720000"
"119",119,"SPXW230616C03725000",438.2,443.5,5,0,0,0,2023-03-15 14:09:38,286.5,0.292312069625854,TRUE,3725,FALSE,0.225052000045776,27.16,2023-04-11 14:30:57,0,0,0,6,29.7,29.3,"SPX230616P03725000"
"120",120,"SPX230616C03730000",433,439.3,2,0,0,0,2023-03-31 09:42:49,406.33,0.291541508483887,TRUE,3730,FALSE,0.224224219017029,27.63,2023-04-11 14:30:04,0,0,0,5,30.2,29.8,"SPX230616P03730000"
"121",121,"SPXW230616C03735000",429.6,434.9,NA,0,0,0,2023-03-23 12:05:16,353.03,0.29034370552063,TRUE,3735,FALSE,0.223369735374451,39.6,2023-04-05 12:06:13,0,0,0,14,30.7,30.3,"SPX230616P03735000"
"122",122,"SPX230616C03740000",424.2,430.4,2,0,0,0,2023-04-04 09:50:22,443.48,0.288932281646728,TRUE,3740,FALSE,0.222740316619873,31.3,2023-04-11 16:00:00,0,0,0,5,31.3,30.9,"SPX230616P03740000"
"123",123,"SPXW230616C03745000",420.6,425.9,2,0,0,0,2023-04-05 10:10:26,407.79,0.287505599136352,TRUE,3745,FALSE,0.222816609802246,33.9,2023-04-10 15:51:13,0,0,0,16,32.2,31.9,"SPXW230616P03745000"
"124",124,"SPXW230616C03750000",416.2,421.5,12,0,0,0,2023-04-11 09:37:43,417.5,0.286265834922791,TRUE,3750,FALSE,0.22116486240387,32.3,2023-04-11 16:00:00,0,0,0,169,32.4,32,"SPX230616P03750000"
"125",125,"SPX230616C03755000",411.1,417.2,66,0,0,0,2023-03-31 10:27:42,387.06,0.285209174346924,TRUE,3755,FALSE,0.221172491722107,32.2,2023-04-11 15:44:10,0,0,0,4,33.3,33,"SPXW230616P03755000"
"126",126,"SPXW230616C03760000",407.4,412.7,4,0,0,0,2023-04-03 09:39:33,417.76,0.283740530586243,TRUE,3760,FALSE,0.219490227050781,33.6,2023-04-11 16:00:00,0,0,0,30,33.5,33.1,"SPX230616P03760000"
"127",127,"SPXW230616C03765000",403.1,408.4,2,0,0,0,2023-04-04 10:07:37,425.32,0.282649538078308,TRUE,3765,FALSE,0.218734924545288,36.66,2023-04-06 14:50:06,0,0,0,8,34.1,33.7,"SPX230616P03765000"
"128",128,"SPXW230616C03770000",399,404.2,2,0,0,0,2023-03-30 15:06:27,355.91,0.28173783454895,TRUE,3770,FALSE,0.217956734085083,42.55,2023-04-05 14:50:57,0,0,0,9,34.7,34.3,"SPX230616P03770000"
"129",129,"SPXW230616C03775000",394.5,399.7,6,0,0,0,2023-03-20 12:24:00,290.4,0.280227229537964,TRUE,3775,FALSE,0.217148026351929,32.53,2023-04-11 15:22:04,0,0,0,144,35.3,35,"SPX230616P03775000"
"130",130,"SPXW230616C03780000",390.3,395.5,4,0,0,0,2023-03-24 09:35:37,278.57,0.279277379417419,TRUE,3780,FALSE,0.217445569763184,33.99,2023-04-11 14:13:00,0,0,0,1,36.4,36,"SPXW230616P03780000"
"131",131,"SPXW230616C03785000",385.8,391,5,0,0,0,2023-03-24 10:07:51,277.99,0.277736257133484,TRUE,3785,FALSE,0.21680470703125,35.2,2023-04-11 15:38:45,0,0,0,6,37.1,36.7,"SPXW230616P03785000"
"132",132,"SPXW230616C03790000",381.7,386.8,4,0,0,0,2023-03-30 13:34:19,332.31,0.276752075080872,TRUE,3790,FALSE,0.215030890541077,34.44,2023-04-11 14:40:18,0,0,0,5,37.3,36.9,"SPX230616P03790000"
"133",133,"SPXW230616C03795000",377.3,382.4,4,0,0,0,2023-03-24 16:03:05,292.8,0.275371168479919,TRUE,3795,FALSE,0.215213994178772,38.3,2023-04-11 09:37:45,0,0,0,7,38.4,38.1,"SPXW230616P03795000"
"134",134,"SPXW230616C03800000",373.2,378.2,1,0,0,0,2023-04-05 11:18:55,355.73,0.274348839836121,TRUE,3800,FALSE,0.213409660415649,39.5,2023-04-11 15:57:42,0,0,0,4041,38.6,38.2,"SPX230616P03800000"
"135",135,"SPX230616C03805000",367.9,373.9,6,0,0,0,2023-03-30 10:39:32,331.88,0.273120519599915,TRUE,3805,FALSE,0.212669616546631,41.3,2023-04-10 15:56:38,0,0,0,106,39.3,38.9,"SPX230616P03805000"
"136",136,"SPXW230616C03810000",364.5,369.5,335,0,0,0,2023-04-04 10:06:15,388.54,0.27169002243042,TRUE,3810,FALSE,0.212745909729004,40.4,2023-04-11 15:51:06,0,0,0,57,40.4,40.1,"SPXW230616P03810000"
"137",137,"SPX230616C03815000",359.4,365.3,4,0,0,0,2023-03-30 12:01:33,317.37,0.27061428855896,TRUE,3815,FALSE,0.211944831314087,41.1,2023-04-11 15:51:06,0,0,0,43,41.1,40.8,"SPXW230616P03815000"
"138",138,"SPX230616C03820000",355.2,361.1,78,0,0,0,2023-04-03 14:33:11,365.43,0.269515666732788,TRUE,3820,FALSE,0.211113235626221,41.8,2023-04-11 15:51:06,0,0,0,36,41.8,41.5,"SPXW230616P03820000"
"139",139,"SPX230616C03825000",351,356.8,4,0,0,0,2023-04-04 10:24:19,364.13,0.268218682632446,TRUE,3825,FALSE,0.210258751983643,40.3,2023-04-11 12:22:39,0,0,0,33,42.5,42.2,"SPXW230616P03825000"
"140",140,"SPX230616C03830000",346.8,352.6,2,0,0,0,2023-03-31 09:37:27,322.83,0.267085728874207,TRUE,3830,FALSE,0.209579742660522,41.5,2023-04-11 13:03:33,0,0,0,22,43.3,42.9,"SPXW230616P03830000"
"141",141,"SPXW230616C03835000",343.3,348.3,2,0,0,0,2023-03-24 11:01:11,238.61,0.265750598182678,TRUE,3835,FALSE,0.208671853790283,50.1,2023-04-10 10:40:14,0,0,0,20,44,43.7,"SPXW230616P03835000"
"142",142,"SPX230616C03840000",338.4,344.2,2,0,0,0,2023-04-04 10:08:33,362.16,0.26475497215271,TRUE,3840,FALSE,0.206936183891296,44.33,2023-04-11 15:51:09,0,0,0,51,44.3,43.9,"SPX230616P03840000"
"143",143,"SPX230616C03845000",334.2,340,18,0,0,0,2023-03-31 12:09:42,325.07,0.26356479850769,TRUE,3845,FALSE,0.205986333770752,48.22,2023-04-10 13:10:59,0,0,0,6,45,44.6,"SPX230616P03845000"
"144",144,"SPX230616C03850000",330.3,335.8,1,0,0,0,2023-04-10 10:41:21,309.9,0.262351736907959,TRUE,3850,FALSE,0.206184696044922,45,2023-04-11 15:45:55,0,0,0,537,46.3,46,"SPXW230616P03850000"
"145",145,"SPXW230616C03855000",326.7,331.5,6,0,0,0,2023-03-28 10:23:53,238.47,0.260944127693176,TRUE,3855,FALSE,0.204395620918274,51.1,2023-04-06 15:54:02,0,0,0,1,46.6,46.2,"SPX230616P03855000"
"146",146,"SPX230616C03860000",321.8,327.5,100,0,0,0,2023-04-11 10:00:16,320.98,0.260043868141174,TRUE,3860,FALSE,0.204517690010071,48.5,2023-04-11 03:13:46,0,0,0,20,47.9,47.6,"SPXW230616P03860000"
"147",147,"SPXW230616C03865000",318.5,323.3,7,0,0,0,2023-03-27 13:39:04,242.9,0.258773586654663,TRUE,3865,FALSE,0.202690468292236,52.8,2023-04-06 15:54:02,0,0,0,154,48.2,47.7,"SPX230616P03865000"
"148",148,"SPXW230616C03870000",314.5,319.3,16,0,0,0,2023-03-27 13:39:07,239,0.257827551193237,TRUE,3870,FALSE,0.202930791816711,46.6,2023-04-11 15:12:43,0,0,0,20,49.6,49.2,"SPXW230616P03870000"
"149",149,"SPXW230616C03875000",310.2,315,38,0,0,0,2023-03-31 15:36:41,314.62,0.256343648796082,TRUE,3875,FALSE,0.20106542350769,51,2023-04-11 15:57:39,0,0,0,57,49.9,49.4,"SPX230616P03875000"
"150",150,"SPXW230616C03880000",306.2,310.9,6,0,0,0,2023-03-28 14:13:07,210.6,0.255183992424011,TRUE,3880,FALSE,0.200115573387146,53.17,2023-04-10 15:06:30,0,0,0,60,50.7,50.2,"SPX230616P03880000"
"151",151,"SPXW230616C03885000",302.1,306.8,1,0,0,0,2023-04-04 13:30:02,305.23,0.254005262756348,TRUE,3885,FALSE,0.199322124290466,52.9,2023-04-11 15:57:17,0,0,0,16,51.6,51.2,"SPX230616P03885000"
"152",152,"SPX230616C03890000",297.2,302.7,10,0,0,0,2023-03-31 10:17:22,275.67,0.252803645133972,TRUE,3890,FALSE,0.198498157920837,48.9,2023-04-11 15:30:35,0,0,0,2,52.5,52,"SPX230616P03890000"
"153",153,"SPXW230616C03895000",294,298.6,7,0,0,0,2023-04-04 15:57:25,293.4,0.251579139556885,TRUE,3895,FALSE,0.198727037467957,58.7,2023-04-06 15:41:13,0,0,0,17,54,53.6,"SPXW230616P03895000"
"154",154,"SPX230616C03900000",291.5,292.5,70,0,0,0,2023-04-11 11:09:07,286.3,0.247001548614502,TRUE,3900,FALSE,0.196941777000427,52.6,2023-04-11 15:43:51,0,0,0,1476,54.4,53.8,"SPX230616P03900000"
"155",155,"SPX230616C03905000",287.3,288.3,1,0,0,0,2023-04-11 10:11:40,284.6,0.245586310081482,TRUE,3905,FALSE,0.196739600067139,55.7,2023-04-11 11:02:09,0,0,0,36,55.7,55.3,"SPXW230616P03905000"
"156",156,"SPX230616C03910000",283.4,284.3,2,0,0,0,2023-04-11 10:22:21,280.05,0.244483873596191,TRUE,3910,FALSE,0.195965224266052,53.2,2023-04-11 15:14:53,0,0,0,21,56.7,56.3,"SPXW230616P03910000"
"157",157,"SPX230616C03915000",279.4,280.3,3,0,0,0,2023-04-10 11:03:05,258.59,0.24335473449707,TRUE,3915,FALSE,0.195160331192017,56,2023-04-11 15:44:08,0,0,0,18,57.7,57.3,"SPXW230616P03915000"
"158",158,"SPX230616C03920000",275.3,276.2,13,0,0,0,2023-04-10 12:22:11,252.6,0.242042491760254,TRUE,3920,FALSE,0.194151353855133,63.53,2023-04-06 16:06:21,0,0,0,64,58.6,58.2,"SPXW230616P03920000"
"159",159,"SPX230616C03925000",271.3,272.2,8,0,0,0,2023-04-11 11:03:52,266.44,0.240867576751709,TRUE,3925,FALSE,0.192253560943604,60.33,2023-04-11 15:58:01,0,0,0,179,59,58.5,"SPX230616P03925000"
"160",160,"SPX230616C03930000",267.3,268.3,2,0,0,0,2023-04-04 10:09:50,287.23,0.239829989471436,TRUE,3930,FALSE,0.192387074012756,61.8,2023-04-11 09:32:55,0,0,0,18,60.6,60.2,"SPXW230616P03930000"
"161",161,"SPX230616C03935000",263.5,264.4,8,0,0,0,2023-03-31 15:35:25,266.7,0.23876951423645,TRUE,3935,FALSE,0.190445412521362,60.8,2023-04-11 09:48:04,0,0,0,4,61,60.5,"SPX230616P03935000"
"162",162,"SPX230616C03940000",259.5,260.4,1,0,0,0,2023-03-31 10:41:13,242.7,0.237522120704651,TRUE,3940,FALSE,0.190330972747803,58.91,2023-04-11 14:26:23,0,0,0,29,62.5,62.1,"SPXW230616P03940000"
"163",163,"SPX230616C03945000",255.6,256.5,1706,0,0,0,2023-03-24 14:06:58,174.5,0.236410147571564,TRUE,3945,FALSE,0.188507565689087,61.76,2023-04-11 11:33:32,0,0,0,10,63,62.5,"SPX230616P03945000"
"164",164,"SPX230616C03950000",251.6,252.5,71,0,0,0,2023-04-11 14:28:23,257.08,0.235115070800781,TRUE,3950,FALSE,0.187658804035187,63.6,2023-04-11 16:07:16,0,0,0,1884,64.1,63.6,"SPX230616P03950000"
"165",165,"SPX230616C03955000",247.7,248.7,1,0,0,0,2023-03-29 14:20:16,189.6,0.234109908123016,TRUE,3955,FALSE,0.186775710449219,63.4,2023-04-11 15:43:05,0,0,0,21,65.2,64.6,"SPX230616P03955000"
"166",166,"SPX230616C03960000",243.9,244.8,1,0,0,0,2023-03-30 09:56:14,214.66,0.232921641807556,TRUE,3960,FALSE,0.185860192260742,66.1,2023-04-11 09:48:04,0,0,0,6,66.3,65.7,"SPX230616P03960000"
"167",167,"SPX230616C03965000",239.9,240.8,4,0,0,0,2023-03-31 14:03:57,233.28,0.23155217918396,TRUE,3965,FALSE,0.184748219127655,68.02,2023-04-04 10:13:04,0,0,0,60,67.3,66.8,"SPX230616P03965000"
"168",168,"SPX230616C03970000",236.2,237.1,50,0,0,0,2023-04-03 13:33:49,242.7,0.230621402359009,TRUE,3970,FALSE,0.183765944404602,75.87,2023-04-06 12:56:05,0,0,0,1,68.4,67.9,"SPX230616P03970000"
"169",169,"SPX230616C03975000",232.4,233.3,140,0,0,0,2023-04-11 14:22:44,237.32,0.229511336555481,TRUE,3975,FALSE,0.182911460762024,70.62,2023-04-11 15:56:14,0,0,0,904,69.6,69,"SPX230616P03975000"
"170",170,"SPX230616C03980000",228.5,229.4,50,0,0,0,2023-04-05 11:02:03,212,0.228216259784698,TRUE,3980,FALSE,0.181862429504395,71.49,2023-04-11 15:52:39,0,0,0,32,70.7,70.1,"SPX230616P03980000"
"171",171,"SPXW230616C03985000",223.5,227.7,4,0,0,0,2023-04-10 14:43:52,216,0.230268546390533,TRUE,3985,FALSE,0.180779066314697,76.71,2023-04-10 14:42:03,0,0,0,2,71.8,71.3,"SPX230616P03985000"
"172",172,"SPX230616C03990000",221,221.9,2,0,0,0,2023-04-04 09:55:07,237.32,0.226009479484558,TRUE,3990,FALSE,0.179819679546356,76.74,2023-04-10 14:19:19,0,0,0,51,73,72.5,"SPX230616P03990000"
"173",173,"SPXW230616C03995000",215.9,220,4,0,0,0,2023-04-10 12:42:38,206.5,0.227672670860291,TRUE,3995,FALSE,0.178825960845947,74.55,2023-04-11 09:30:04,0,0,0,1,74.2,73.6,"SPX230616P03995000"
"174",174,"SPX230616C04000000",213.4,214.3,885,0,0,0,2023-04-11 15:52:20,210.58,0.223533765716553,TRUE,4000,FALSE,0.178722965049744,76.1,2023-04-11 15:51:07,0,0,0,73,76,75.6,"SPXW230616P04000000"
"175",175,"SPXW230616C04005000",208.8,212.4,1,0,0,0,2023-04-11 15:47:42,209.34,0.225120663909912,TRUE,4005,FALSE,0.177651045837402,74.1,2023-04-11 15:38:37,0,0,0,4,77.2,76.8,"SPXW230616P04005000"
"176",176,"SPX230616C04010000",205.9,206.8,3,0,0,0,2023-03-31 11:54:37,198.2,0.221098105869293,TRUE,4010,FALSE,0.176544794692993,80.68,2023-04-11 10:47:51,0,0,0,1,78.4,78,"SPXW230616P04010000"
"177",177,"SPXW230616C04015000",203,203.5,2,0,0,0,2023-04-11 15:36:30,207.4,0.220510648365021,TRUE,4015,FALSE,0.174791958827972,95.65,2023-04-06 10:27:20,0,0,0,1,79.2,78.7,"SPX230616P04015000"
"178",178,"SPXW230616C04020000",199.4,199.9,2,0,0,0,2023-04-11 15:36:30,203.7,0.219440636482239,TRUE,4020,FALSE,0.174524932689667,76.27,2023-04-11 14:30:58,0,0,0,64,81,80.6,"SPXW230616P04020000"
"179",179,"SPXW230616C04025000",195.8,196.3,10,0,0,0,2023-04-11 13:10:48,198.6,0.218340107326508,TRUE,4025,FALSE,0.17270343296051,80.48,2023-04-11 15:46:33,0,0,0,28,81.8,81.3,"SPX230616P04025000"
"180",180,"SPX230616C04030000",191.2,192.2,1,0,0,0,2023-04-10 09:44:27,172.08,0.21646520236969,TRUE,4030,FALSE,0.172354391651154,80.6,2023-04-11 15:38:52,0,0,0,39,83.6,83.2,"SPXW230616P04030000"
"181",181,"SPXW230616C04035000",188.7,189.2,5,0,0,0,2023-04-10 13:55:21,180.3,0.216190546913147,TRUE,4035,FALSE,0.170464228057861,84.85,2023-04-11 09:30:04,0,0,0,1,84.4,83.9,"SPX230616P04035000"
"182",182,"SPXW230616C04040000",185,185.4,10,0,0,0,2023-04-11 11:51:32,183.11,0.214700922527313,TRUE,4040,FALSE,0.17032690032959,84.18,2023-04-11 13:00:47,0,0,0,15,86.4,85.9,"SPXW230616P04040000"
"183",183,"SPXW230616C04045000",181.5,182,5,0,0,0,2023-04-04 15:57:10,180.8,0.213768238372803,TRUE,4045,FALSE,0.169104302082062,89.1,2023-04-11 10:23:03,0,0,0,10,87.7,87.3,"SPXW230616P04045000"
"184",184,"SPXW230616C04050000",177.8,178.3,36,0,0,0,2023-04-11 15:37:33,182.13,0.21236062915802,TRUE,4050,FALSE,0.168137285995483,89.5,2023-04-11 15:51:04,0,0,0,16,89.2,88.7,"SPXW230616P04050000"
"185",185,"SPXW230616C04055000",174.5,174.9,1,0,0,0,2023-04-05 10:21:57,168,0.211361188468933,TRUE,4055,FALSE,0.166981444282532,86.85,2023-04-11 15:02:11,0,0,0,189,90.6,90.2,"SPXW230616P04055000"
"186",186,"SPX230616C04060000",169.9,170.8,2,0,0,0,2023-04-03 08:23:57,174.46,0.209305087203979,TRUE,4060,FALSE,0.164906269721985,89.02,2023-04-11 12:02:09,0,0,0,5,91.4,90.8,"SPX230616P04060000"
"187",187,"SPX230616C04065000",166.6,167.5,3,0,0,0,2023-04-10 13:32:02,160.1,0.208381939697266,TRUE,4065,FALSE,0.164837605857849,93.64,2023-04-11 11:06:15,0,0,0,1,93.6,93.1,"SPXW230616P04065000"
"188",188,"SPX230616C04070000",163.1,164,2,0,0,0,2023-04-05 15:20:35,151.2,0.207134546165466,TRUE,4070,FALSE,0.162827280502319,94.7,2023-04-11 11:47:08,0,0,0,43,94.5,93.9,"SPX230616P04070000"
"189",189,"SPXW230616C04075000",160.6,161.1,11,0,0,0,2023-04-11 15:21:25,165.6,0.206722562980652,TRUE,4075,FALSE,0.1623733360672,97.3,2023-04-11 11:02:10,0,0,0,8,96.5,96.1,"SPXW230616P04075000"
"190",190,"SPXW230616C04080000",157.2,157.7,9,0,0,0,2023-04-10 16:01:45,157,0.205545740642548,TRUE,4080,FALSE,0.161291880207062,97.2,2023-04-12 04:22:46,3.9349875,3.6800003,0,1,98.1,97.6,"SPXW230616P04080000"
"191",191,"SPXW230616C04085000",153.7,154.2,7,0,0,0,2023-04-10 09:35:59,134.4,0.204189629325867,TRUE,4085,FALSE,0.1601646484375,96.47,2023-04-11 13:30:12,0,0,0,168,99.7,99.3,"SPXW230616P04085000"
"192",192,"SPXW230616C04090000",150.4,150.9,94,0,0,0,2023-04-10 14:10:25,143.49,0.203085285511017,TRUE,4090,FALSE,0.15826876285553,101.4,2023-04-11 15:51:07,0,0,0,22,100.8,100.2,"SPX230616P04090000"
"193",193,"SPXW230616C04095000",147.1,147.5,101,0,0,0,2023-04-11 13:10:38,149.59,0.201797838058472,TRUE,4095,FALSE,0.157048071937561,100.32,2023-04-11 11:24:02,0,0,0,2,102.4,101.8,"SPX230616P04095000"
"194",194,"SPXW230616C04100000",143.9,144.3,211,0,0,0,2023-04-11 15:55:01,141.9,0.200764065437317,TRUE,4100,FALSE,0.156784860458374,104.51,2023-04-11 16:07:03,0,0,0,46,104.7,104.2,"SPXW230616P04100000"
"195",195,"SPXW230616C04105000",140.6,141.1,230,0,0,0,2023-04-11 15:55:10,138.1,0.199688331565857,TRUE,4105,FALSE,0.154602875442505,100.8,2023-04-11 14:03:31,0,0,0,30,105.7,105.2,"SPX230616P04105000"
"196",196,"SPX230616C04110000",136.4,137.3,1,0,0,0,2023-04-11 12:02:09,136.21,0.197712338142395,FALSE,4110,TRUE,0.154238575496674,109.8,2023-04-11 15:56:23,0,0,0,20,108,107.6,"SPXW230616P04110000"
"197",197,"SPX230616C04115000",133.3,134.1,75,0,0,0,2023-04-11 13:12:08,134.92,0.196558403759003,FALSE,4115,TRUE,0.153246764125824,113,2023-04-11 15:57:17,0,0,0,13,109.9,109.4,"SPXW230616P04115000"
"198",198,"SPX230616C04120000",130.2,131,722,0,0,0,2023-04-10 13:09:29,124,0.195507465171814,FALSE,4120,TRUE,0.151917355422974,113,2023-04-11 10:04:18,0,0,0,4,111.6,111.1,"SPXW230616P04120000"
"199",199,"SPX230616C04125000",126.9,127.8,2038,0,0,0,2023-04-10 15:12:10,121.3,0.194271515617371,FALSE,4125,TRUE,0.150818733596802,115.2,2023-04-11 15:55:06,0,0,0,15,113.5,113,"SPXW230616P04125000"
"200",200,"SPX230616C04130000",124,124.8,69,0,0,0,2023-04-11 15:55:49,121.66,0.19328161157608,FALSE,4130,TRUE,0.148659636535645,116.4,2023-04-11 15:55:50,0,0,0,114,114.7,114.1,"SPX230616P04130000"
"201",201,"SPXW230616C04135000",121.7,122.1,7,0,0,0,2023-04-10 15:23:50,117.9,0.192678895435333,FALSE,4135,TRUE,0.147446574935913,116,2023-04-11 16:07:16,0,0,0,5689,116.6,115.9,"SPX230616P04135000"
"202",202,"SPXW230616C04140000",118.8,119.2,7,0,0,0,2023-04-11 11:44:12,115.5,0.191746211280823,FALSE,4140,TRUE,0.146178200778961,118,2023-04-11 16:14:59,0,0,0,4681,118.5,117.9,"SPX230616P04140000"
"203",203,"SPX230616C04145000",114.8,115.5,2662,0,0,0,2023-04-11 16:04:57,115,0.189621446151733,FALSE,4145,TRUE,0.14499374912262,120,2023-04-11 16:04:57,0,0,0,2702,120.5,119.8,"SPX230616P04145000"
"204",204,"SPX230616C04150000",112,112.6,9306,0,0,0,2023-04-11 16:12:33,111.93,0.188599117507935,FALSE,4150,TRUE,0.143891312637329,121.98,2023-04-11 16:12:33,0,0,0,7649,122.6,121.9,"SPX230616P04150000"
"205",205,"SPXW230616C04155000",109.8,110.3,NA,0,0,0,2023-04-05 15:49:43,104.1,0.188396940574646,FALSE,4155,TRUE,0.143456441497803,121.8,2023-04-11 13:29:56,0,0,0,3,125.2,124.7,"SPXW230616P04155000"
"206",206,"SPX230616C04160000",106.1,106.7,56,0,0,0,2023-04-11 14:57:41,110.44,0.186272175445557,FALSE,4160,TRUE,0.142231935920715,124.7,2023-04-11 13:20:26,0,0,0,1,127.3,126.8,"SPXW230616P04160000"
"207",207,"SPXW230616C04165000",104.1,104.6,6,0,0,0,2023-04-10 16:01:45,104.4,0.186270268115997,FALSE,4165,TRUE,0.140942581138611,123.9,2023-04-11 14:51:15,0,0,0,7,129.4,128.9,"SPXW230616P04165000"
"208",208,"SPX230616C04170000",100.6,101.2,29,0,0,0,2023-04-10 12:56:14,93.72,0.1843381432724,FALSE,4170,TRUE,0.138848333282471,154.4,2023-04-10 09:32:06,0,0,0,1,131,130.3,"SPX230616P04170000"
"209",209,"SPXW230616C04175000",98.6,99.1,1,0,0,0,2023-04-10 09:34:06,85.06,0.184246591453552,FALSE,4175,TRUE,0.137417836112976,132.75,2023-04-04 09:36:08,0,0,0,50,133.1,132.4,"SPX230616P04175000"
"210",210,"SPX230616C04180000",95.2,95.9,35,0,0,0,2023-04-10 14:19:04,92,0.182505199565887,FALSE,4180,TRUE,0.13635926820755,141.25,2023-04-10 15:22:44,0,0,0,1,135.5,134.7,"SPX230616P04180000"
"211",211,"SPX230616C04185000",92.4,93.1,5,0,0,0,2023-04-05 13:31:24,86.4,0.181295952625275,FALSE,4185,TRUE,0.135678351554871,148.3,2023-04-10 13:44:20,0,0,0,13,138.2,137.7,"SPXW230616P04185000"
"212",212,"SPXW230616C04190000",90.5,90.9,1,0,0,0,2023-04-11 05:11:23,94.38,0.180916394042969,FALSE,4190,TRUE,0.133725246086121,155.6,2023-04-04 12:45:24,0,0,0,2,140.1,139.3,"SPX230616P04190000"
"213",213,"SPX230616C04195000",87.3,87.9,31,0,0,0,2023-04-06 15:13:45,85.8,0.179310422554016,FALSE,4195,TRUE,0.133050051422119,143.7,2023-04-10 16:09:07,0,0,0,25,142.9,142.5,"SPXW230616P04195000"
"214",214,"SPXW230616C04200000",85.4,85.9,15,0,0,0,2023-04-11 15:47:43,84.45,0.179127318916321,FALSE,4200,TRUE,0.131539446411133,146.3,2023-04-11 11:44:56,0,0,0,1,145.2,144.7,"SPXW230616P04200000"
"215",215,"SPXW230616C04205000",82.9,83.4,16,0,0,0,2023-04-10 13:57:59,77.7,0.178158395500183,FALSE,4205,TRUE,0.130410307312012,166.28,2023-04-10 10:46:22,0,0,0,1,147.8,147.3,"SPXW230616P04205000"
"216",216,"SPXW230616C04210000",80.5,81,4,0,0,0,2023-04-10 11:42:26,73.1,0.177282931232452,FALSE,4210,TRUE,0.128413333263397,152.56,2023-04-11 10:19:29,0,0,0,1,149.9,149,"SPX230616P04210000"
"217",217,"SPXW230616C04215000",78,78.5,10,0,0,0,2023-04-06 11:42:05,73.5,0.176205290031433,FALSE,4215,TRUE,0.127579830245972,173.5,2023-04-10 08:30:37,0,0,0,5,152.8,152.3,"SPXW230616P04215000"
"218",218,"SPXW230616C04220000",75.7,76.2,1,0,0,0,2023-04-11 12:27:52,75.35,0.175377509002686,FALSE,4220,TRUE,0.125386401252747,172.71,2023-04-10 10:45:25,0,0,0,1,154.9,154.1,"SPX230616P04220000"
"219",219,"SPXW230616C04225000",73.3,73.7,75,0,0,0,2023-04-11 14:30:18,76.9,0.174189242687225,FALSE,4225,TRUE,0.124699762611389,180.16,2023-04-10 10:34:23,0,0,0,1,158,157.5,"SPXW230616P04225000"
"220",220,"SPXW230616C04230000",71,71.5,3,0,0,0,2023-04-11 14:30:23,74.6,0.173401515579224,FALSE,4230,TRUE,0.123109049758911,171.5,2023-04-10 13:03:07,0,0,0,5,160.6,160.1,"SPXW230616P04230000"
"221",221,"SPXW230616C04235000",68.8,69.3,5,0,0,0,2023-04-10 12:39:45,63.2,0.172558475914001,FALSE,4235,TRUE,0.121747216453552,164.7,2023-04-11 16:00:06,0,0,0,14,163.4,162.9,"SPXW230616P04235000"
"222",222,"SPXW230616C04240000",66.6,67.1,20,0,0,0,2023-04-11 12:53:32,67.3,0.171662031021118,FALSE,4240,TRUE,0.120108820362091,161.7,2023-04-11 13:09:05,0,0,0,6,166.1,165.6,"SPXW230616P04240000"
"223",223,"SPXW230616C04245000",64.5,64.9,23,0,0,0,2023-04-11 15:41:52,65.55,0.170704551582336,FALSE,4245,TRUE,0.118523829498291,179.6,2023-04-10 13:02:43,0,0,0,4,168.9,168.4,"SPXW230616P04245000"
"224",224,"SPXW230616C04250000",62.3,62.8,36,0,0.25,0.4029009,2023-04-12 04:01:00,62.3,0.169848160610199,FALSE,4250,TRUE,0.116818676872253,175.4,2023-04-11 10:35:16,0,0,0,4,171.7,171.2,"SPXW230616P04250000"
"225",225,"SPXW230616C04255000",60.2,60.6,11,0,0,0,2023-04-11 14:34:41,63,0.168774334068298,FALSE,4255,NA,NA,NA,NA,NA,NA,NA,NA,NA,NA,NA
"226",226,"SPXW230616C04260000",58.2,58.6,21,0,0,0,2023-04-11 14:34:41,60.9,0.167957997016907,FALSE,4260,TRUE,0.113553328666687,175.8,2023-04-12 04:20:24,3.3509681,5.699997,0,5,177.6,177.1,"SPXW230616P04260000"
"227",227,"SPX230616C04265000",55.5,56.1,294,0,0,0,2023-04-10 15:55:10,54.1,0.166271917686462,FALSE,4265,NA,NA,NA,NA,NA,NA,NA,NA,NA,NA,NA
"228",228,"SPXW230616C04270000",54.3,54.7,2,0,0,0,2023-04-11 09:53:45,53.38,0.166304342288971,FALSE,4270,TRUE,0.112645439796448,208.48,2023-04-06 11:07:35,0,0,0,8,185,181.4,"SPXW230616P04270000"
"229",229,"SPX230616C04275000",51.7,52.2,2,0,0,0,2023-04-11 15:57:18,49.6,0.164479027900696,FALSE,4275,TRUE,0.111062356262207,200.4,2023-04-04 15:56:40,0,0,0,5,188.2,184.6,"SPXW230616P04275000"
"230",230,"SPXW230616C04280000",50.6,51,1,0,0,0,2023-04-10 09:53:32,42,0.164738424720764,FALSE,4280,TRUE,0.108914703178406,208.1,2023-04-04 15:11:49,0,0,0,23,191.2,187.4,"SPXW230616P04280000"
"231",231,"SPXW230616C04290000",47,47.4,1,0,0,0,2023-04-10 09:46:43,39.4,0.163090491981506,FALSE,4290,TRUE,0.104874979171753,194.7,2023-04-11 11:21:37,0,0,0,2,197.6,193.9,"SPXW230616P04290000"
"232",232,"SPXW230616C04300000",43.6,44,19,0,0,0,2023-04-11 15:47:43,42.95,0.161530296401977,FALSE,4300,TRUE,0.0955900988769531,211.87,2023-04-10 14:27:19,0,0,0,11,202.3,201.3,"SPX230616P04300000"
"233",233,"SPX230616C04310000",39.8,40.4,60,0,0,0,2023-04-11 15:59:42,39,0.15934449672699,FALSE,4310,TRUE,0.0897994463348389,218.4,2023-03-31 15:58:33,0,0,0,9,209.1,208.2,"SPX230616P04310000"
"234",234,"SPXW230616C04320000",37.4,37.8,6,0,0,0,2023-04-10 11:44:59,33.3,0.158699819335938,FALSE,4320,TRUE,0.0876708665466309,272.99,2023-03-30 15:07:02,0,0,0,2,217.5,213.8,"SPX230616P04320000"
"235",235,"SPXW230616C04325000",36.1,36.4,7,0,0,0,2023-04-11 15:28:32,37.7,0.158104732513428,FALSE,4325,TRUE,0.0862823306274414,215.81,2023-04-11 12:56:38,0,0,0,8,221.7,217.3,"SPXW230616P04325000"
"236",236,"SPXW230616C04330000",34.7,35,1,0,0,0,2023-04-11 10:13:58,33.9,0.15744861114502,FALSE,4330,TRUE,0.0817047396850586,217.2,2023-04-04 09:34:05,0,0,0,15,225.2,219.9,"SPX230616P04330000"
"237",237,"SPXW230616C04340000",32,32.3,1,0,0,0,2023-04-11 14:00:04,33,0.156124924430847,FALSE,4340,TRUE,0.0691163645935059,335.2,2023-03-23 10:46:04,0,0,0,1,232.5,227.1,"SPX230616P04340000"
"238",238,"SPXW230616C04350000",29.4,29.8,5,0,0,0,2023-04-11 15:57:15,28.12,0.154934750785828,FALSE,4350,TRUE,1e-05,233.86,2023-04-11 12:56:38,0,0,0,8,240,235.3,"SPXW230616P04350000"
"239",239,"SPXW230616C04360000",27.1,27.4,167,0,0,0,2023-04-11 15:57:15,25.87,0.153675913276672,FALSE,4360,TRUE,1e-05,267.05,2023-04-10 11:18:43,0,0,0,8,247.6,242.9,"SPXW230616P04360000"
"240",240,"SPX230616C04370000",24.4,24.9,6,0,0,0,2023-04-10 10:42:00,20.55,0.151913540763855,FALSE,4370,TRUE,1e-05,386.62,2023-02-24 11:48:27,0,0,0,1,0,0,"SPXW230616P04370000"
"241",241,"SPX230616C04375000",23.4,23.8,55,0,0,0,2023-04-11 15:47:18,23.1,0.151242160758972,FALSE,4375,TRUE,1e-05,291.67,2023-04-10 09:37:21,0,0,0,2,259.3,253.6,"SPX230616P04375000"
"242",242,"SPX230616C04380000",22.4,22.8,6,0,0,0,2023-04-11 14:30:04,23.38,0.150727181777954,FALSE,4380,TRUE,1e-05,405.84,2023-03-01 14:03:20,0,0,11,1,270.6,266.6,"SPXW230616P04380000"
"243",243,"SPX230616C04390000",20.6,21,10,0,0,0,2023-04-05 16:08:31,20.77,0.149960435295105,FALSE,4390,TRUE,1e-05,324.93,2023-03-30 15:37:02,0,0,0,2,271.4,265.5,"SPX230616P04390000"
"244",244,"SPX230616C04400000",18.9,19.2,942,0,0,0,2023-04-11 15:53:08,18.4,0.148934291992187,FALSE,4400,TRUE,1e-05,280.81,2023-04-11 10:15:49,0,0,0,41,279.6,273.6,"SPX230616P04400000"
"245",245,"SPX230616C04410000",17.3,17.6,1,0,0,0,2023-04-11 11:26:58,16.11,0.148137028236389,FALSE,4410,TRUE,0.437040236587524,344.11,2023-02-17 11:09:46,0,0,1,2,488.3,452.5,"SPX230616P04410000"
"246",246,"SPX230616C04420000",15.8,16.1,2,0,0,0,2023-04-11 14:02:26,16.15,0.147339764480591,FALSE,4420,NA,NA,NA,NA,NA,NA,NA,NA,NA,NA,NA
"247",247,"SPX230616C04425000",15,15.4,75,0,0,0,2023-04-11 14:02:31,15.4,0.146981186523438,FALSE,4425,TRUE,1e-05,321.04,2023-04-05 14:36:42,0,0,0,200,300.8,294.5,"SPX230616P04425000"
"248",248,"SPX230616C04430000",14.4,14.7,6,0,0,0,2023-04-11 14:30:04,14.9,0.146553944702148,FALSE,4430,TRUE,1e-05,389.2,2023-03-29 15:01:29,0,0,0,NA,305,298.7,"SPX230616P04430000"
"249",249,"SPX230616C04440000",13.1,13.5,3,0,0,0,2023-04-11 09:53:08,13,0.146088556289673,FALSE,4440,NA,NA,NA,NA,NA,NA,NA,NA,NA,NA,NA
"250",250,"SPXW230616C04450000",12.3,12.6,3,0,0,0,2023-04-11 14:11:36,12.3,0.146325065155029,FALSE,4450,TRUE,1e-05,310.1,2023-04-11 15:25:52,0,0,0,2,322.5,316.1,"SPX230616P04450000"
"251",251,"SPX230616C04460000",10.9,11.2,87,0,0,0,2023-04-11 12:59:54,10.75,0.144722908325195,FALSE,4460,TRUE,0.432561826782227,382.02,2023-02-17 11:08:52,0,0,1,2,520,508.7,"SPXW230616P04460000"
"252",252,"SPXW230616C04470000",10.2,10.5,27,0,0,0,2023-04-06 10:12:12,9.9,0.145203555374146,FALSE,4470,NA,NA,NA,NA,NA,NA,NA,NA,NA,NA,NA
"253",253,"SPXW230616C04475000",9.7,10,122,0,0,0,2023-04-11 15:35:25,10.2,0.144844977416992,FALSE,4475,TRUE,1e-05,337.34,2023-04-04 10:28:25,0,0,0,75,344.9,338.2,"SPX230616P04475000"
"254",254,"SPXW230616C04480000",9.3,9.6,25,0,0,0,2023-04-11 16:14:37,9.3,0.144791572189331,FALSE,4480,NA,NA,NA,NA,NA,NA,NA,NA,NA,NA,NA
"255",255,"SPXW230616C04490000",8.5,8.7,9,0,0,0,2023-04-11 15:53:00,8.2,0.144135450820923,FALSE,4490,NA,NA,NA,NA,NA,NA,NA,NA,NA,NA,NA
"256",256,"SPXW230616C04500000",7.7,8,42,0,0,0,2023-04-11 16:14:51,7.7,0.144028640365601,FALSE,4500,TRUE,1e-05,389.78,2023-04-06 11:37:06,0,0,0,1,367.4,361.6,"SPXW230616P04500000"
"257",257,"SPX230616C04525000",5.9,6.2,124,0,0,0,2023-04-11 16:05:07,6,0.142525664672852,FALSE,4525,TRUE,1e-05,423.7,2023-04-10 09:52:17,0,0,0,1,391,384.1,"SPX230616P04525000"
"258",258,"SPX230616C04550000",4.7,5,995,0,0,0,2023-04-11 15:59:56,4.65,0.14250277671814,FALSE,4550,TRUE,1e-05,469.38,2023-03-30 11:21:35,0,0,0,NA,413.8,407.8,"SPXW230616P04550000"
"259",259,"SPXW230616C04575000",3.8,4,6,0,0,0,2023-04-11 11:02:21,3.4,0.142403595581055,FALSE,4575,TRUE,0.359171599998474,690.29,2022-12-23 13:46:39,0,0,708,624,559.9,548,"SPX230616P04575000"
"260",260,"SPX230616C04580000",3.5,3.7,23,0,0,0,2023-04-11 15:49:30,3.56,0.141549111938477,FALSE,4580,NA,NA,NA,NA,NA,NA,NA,NA,NA,NA,NA
"261",261,"SPXW230616C04600000",3,3.2,183,0,0,0,2023-04-10 16:12:39,3.05,0.142464630126953,FALSE,4600,TRUE,1e-05,517.09,2023-03-30 11:21:35,0,0,0,6,461.8,455.7,"SPXW230616P04600000"
"262",262,"SPX230616C04620000",2.4,2.6,3,0,0,0,2023-04-11 14:53:24,2.5,0.141900060577393,FALSE,4620,NA,NA,NA,NA,NA,NA,NA,NA,NA,NA,NA
"263",263,"SPX230616C04625000",2.3,2.5,4,0,0,0,2023-04-10 15:59:44,2.3,0.142083164215088,FALSE,4625,TRUE,1e-05,735.31,2023-03-10 13:52:52,0,0,0,NA,0,0,"SPXW230616P04625000"
"264",264,"SPX230616C04650000",1.85,2,3,0,0,0,2023-04-11 15:58:01,1.85,0.142373078308105,FALSE,4650,TRUE,0.521288890552521,472.85,2023-02-15 15:26:49,0,0,2,NA,715.3,679.3,"SPXW230616P04650000"
"265",265,"SPX230616C04675000",1.45,1.65,24,0,0,0,2023-04-11 15:49:30,1.56,0.14338014831543,FALSE,4675,TRUE,1e-05,563.83,2023-04-10 11:00:10,0,0,0,1,535.3,528.1,"SPX230616P04675000"
"266",266,"SPX230616C04700000",1.2,1.35,11,0,0,0,2023-04-11 12:51:32,1.1,0.144234631958008,FALSE,4700,TRUE,1e-05,602.19,2023-03-06 14:01:16,0,0,6,NA,568,562.3,"SPXW230616P04700000"
"267",267,"SPXW230616C04725000",1,1.15,60,0,0,0,2023-04-04 12:58:35,1.6,0.145852047424316,FALSE,4725,TRUE,1e-05,659.65,2022-11-23 11:55:20,0,0,638,4,0,0,"SPX230616P04725000"
"268",268,"SPXW230616C04750000",0.8,0.95,36,0,0,0,2023-04-05 11:00:40,1.25,0.14688963470459,FALSE,4750,TRUE,0.371706569862366,593,2023-02-06 10:15:16,0,0,0,2,708.8,703.9,"SPXW230616P04750000"
"269",269,"SPX230616C04775000",0.6,0.75,7,0,0,0,2023-04-11 15:20:03,0.7,0.147103255615234,FALSE,4775,TRUE,1e-05,750.54,2022-11-16 14:16:40,0,0,960,21,0,0,"SPX230616P04775000"
"270",270,"SPXW230616C04800000",0.55,0.7,26,0,0,0,2023-04-11 11:50:04,0.45,0.150277052001953,FALSE,4800,TRUE,1e-05,792.34,2023-03-23 14:02:04,0,0,0,2,657.5,651.3,"SPXW230616P04800000"
"271",271,"SPX230616C04825000",0.4,0.55,20,0,0,0,2023-04-11 15:34:10,0.45,0.15039912109375,FALSE,4825,TRUE,1e-05,898.2,2022-11-10 08:35:19,0,0,164,1,0,0,"SPX230616P04825000"
"272",272,"SPXW230616C04850000",0.35,0.5,38,0,0,0,2023-03-31 15:25:05,0.82,0.152962572021484,FALSE,4850,TRUE,1e-05,838.63,2022-07-21 13:50:11,0,0,33,32,630.1,623,"SPX230616P04850000"
"273",273,"SPXW230616C04875000",0.3,0.45,73,0,0,0,2023-04-05 10:45:48,0.55,0.155342919311523,FALSE,4875,TRUE,1e-05,877.1,2023-03-24 14:18:46,0,0,0,70,732.2,725,"SPX230616P04875000"
"274",274,"SPXW230616C04900000",0.25,0.4,39,0,0,0,2023-04-05 10:10:59,0.45,0.157479128417969,FALSE,4900,TRUE,0.551445678215027,983.17,2022-12-20 14:13:34,0,0,309,20,936.6,919.9,"SPX230616P04900000"
"275",275,"SPXW230616C04925000",0.15,0.45,133,136,0,0,2023-03-07 14:14:00,0.6,0.163521548461914,FALSE,4925,TRUE,1e-05,942.19,2022-07-26 13:35:18,0,0,0,NA,705.4,698.5,"SPX230616P04925000"
"276",276,"SPXW230616C04950000",0.15,0.3,90,0,0,0,2023-03-16 09:44:56,0.25,0.160652924804688,FALSE,4950,TRUE,0.588756859054565,831.04,2023-02-17 09:44:58,0,0,271,1,993.8,986.2,"SPX230616P04950000"
"277",277,"SPX230616C04975000",0.1,0.3,100,0,0,0,2023-04-03 10:40:23,0.35,0.164559135742188,FALSE,4975,NA,NA,NA,NA,NA,NA,NA,NA,NA,NA,NA
"278",278,"SPX230616C05000000",0.15,0.25,765,0,0,0,2023-04-11 15:52:20,0.17,0.165413619384766,FALSE,5000,TRUE,1e-05,992.92,2023-03-16 16:07:20,0,0,0,1,855.4,849.1,"SPXW230616P05000000"
"279",279,"SPXW230616C05025000",0.05,0.2,NA,0,0,0,2023-03-23 11:20:21,0.15,0.165535688476563,FALSE,5025,TRUE,0.674434102859497,872.12,2022-06-06 11:35:03,0,0,2,NA,1114.3,1086.8,"SPX230616P05025000"
"280",280,"SPXW230616C05050000",0.05,0.2,125,0,0,0,2023-03-20 14:09:22,0.15,0.169197761230469,FALSE,5050,TRUE,0.511342166900635,1193.71,2022-06-22 12:46:53,0,0,135,45,1031.6,1018.9,"SPX230616P05050000"
"281",281,"SPX230616C05075000",0,0.25,30,1392,0,0,2023-02-22 14:12:04,0.45,0.176521906738281,FALSE,5075,NA,NA,NA,NA,NA,NA,NA,NA,NA,NA,NA
"282",282,"SPX230616C05100000",0.1,0.2,40,0,0,0,2023-04-11 11:51:55,0.1,0.176521906738281,FALSE,5100,TRUE,1e-05,1173.27,2023-03-13 13:52:09,0,0,0,1,954.9,947.7,"SPX230616P05100000"
"283",283,"SPX230616C05125000",0.05,0.3,70,1527,0,0,2023-03-02 11:02:04,0.2,0.187141917724609,FALSE,5125,TRUE,0.789606290969849,1262.1,2022-06-13 20:59:37,0,0,4,3,1258.8,1241.9,"SPX230616P05125000"
"284",284,"SPX230616C05150000",0,0.15,35,0,0,0,2023-03-14 15:05:03,0.1,0.178963288574219,FALSE,5150,TRUE,0.598083700599671,1066.81,2022-05-26 10:22:36,0,0,1,1,1171.2,1149.8,"SPX230616P05150000"
"285",285,"SPX230616C05200000",0,0.15,10,0,0,0,2023-04-06 13:25:42,0.1,0.185799157714844,FALSE,5200,TRUE,1e-05,675,2022-03-30 12:36:27,0,0,357,150,996.6,987.1,"SPX230616P05200000"
"286",286,"SPXW230616C05250000",0,0.25,NA,42,0,0,2023-02-23 11:32:39,0.2,0.201668139648437,FALSE,5250,NA,NA,NA,NA,NA,NA,NA,NA,NA,NA,NA
"287",287,"SPX230616C05300000",0,0.2,19,5145,0,0,2023-02-22 14:33:11,0.2,0.204475728759766,FALSE,5300,TRUE,0.568130997200012,1375.36,2022-12-19 12:06:47,0,0,31,20,1281,1269.6,"SPX230616P05300000"
"288",288,"SPX230616C05350000",0,0.2,21,627,0,0,2023-02-17 09:38:04,0.2,0.211189528808594,FALSE,5350,NA,NA,NA,NA,NA,NA,NA,NA,NA,NA,NA
"289",289,"SPXW230616C05400000",0,0.1,1,0,0,0,2023-04-06 15:16:41,0.1,0.205574350585937,FALSE,5400,TRUE,1e-05,1071.15,2022-04-22 15:58:10,0,0,67,1,0,0,"SPX230616P05400000"
"290",290,"SPX230616C05500000",0,0.1,191,4845,0,0,2023-03-06 11:23:52,0.09,0.218025397949219,FALSE,5500,TRUE,0.332755085601807,1256.11,2023-02-03 11:28:57,0,0,1,2,1395.8,1384.5,"SPXW230616P05500000"
"291",291,"SPXW230616C05600000",0.05,0.2,NA,1,0,0,2023-01-23 09:47:57,0.3,0.243904045410156,FALSE,5600,TRUE,0.631694662094116,1667.55,2022-12-19 13:11:34,0,0,3,1,1578.3,1561.9,"SPX230616P05600000"
"292",292,"SPX230616C05700000",0,0.15,76,1390,0,0,2023-01-27 15:03:20,0.2,0.250251638183594,FALSE,5700,TRUE,1e-05,1087.99,2021-12-08 09:48:46,0,0,2,2,1096,1088.7,"SPX230616P05700000"
"293",293,"SPX230616C05800000",0,0.1,22,0,0,0,2023-03-21 15:46:51,0.05,0.2539137109375,FALSE,5800,TRUE,1e-05,1772.49,2023-03-21 11:49:22,0,0,0,2,1647.9,1641.6,"SPXW230616P05800000"
"294",294,"SPX230616C05900000",0,0.2,1,3147,0,0,2023-02-23 15:03:08,0.05,0.280524772949219,FALSE,5900,TRUE,1e-05,1750.41,2023-04-04 16:10:56,0,0,0,1,1747.4,1740.1,"SPX230616P05900000"
"295",295,"SPXW230616C06000000",0,0.1,1,0,0,0,2023-03-20 10:29:53,0.05,0.276374423828125,FALSE,6000,TRUE,1e-05,1826.1,2023-04-03 10:28:09,0,0,0,2,1846.4,1839.2,"SPX230616P06000000"
"296",296,"SPXW230616C06200000",0,0.15,93,96,0,0,2023-02-17 10:46:24,0.05,0.307624111328125,FALSE,6200,TRUE,1e-05,2047.41,2023-04-04 16:10:56,0,0,0,1,2044.6,2037.3,"SPX230616P06200000"
"297",297,"SPX230616C06400000",0,0.15,90,1777,0,0,2023-02-23 15:02:25,0.05,0.329108271484375,FALSE,6400,TRUE,1e-05,2351.59,2023-03-27 10:07:03,0,0,0,4,2242.2,2235.9,"SPXW230616P06400000"
"298",298,"SPX230616C06600000",0,0,60,0,0,0,2023-02-10 14:52:48,0.05,0.2500075,FALSE,6600,TRUE,1e-05,2445.64,2023-04-10 14:59:35,0,0,0,2,2440.1,2433.8,"SPXW230616P06600000"
"299",299,"SPX230616C06800000",0,0,2,0,0,0,2023-02-10 14:46:41,0.05,0.2500075,FALSE,6800,TRUE,1e-05,2645.37,2023-04-04 12:52:04,0,0,0,1,2639,2631.7,"SPX230616P06800000"
"300",300,"SPX230616C07000000",0,0.15,2510,2764,0,0,2023-02-17 10:47:30,0.05,0.38867798828125,FALSE,7000,TRUE,1e-05,2846.35,2023-04-10 13:36:15,0,0,0,1,2837.1,2829.8,"SPX230616P07000000"
"301",301,"SPX230616C07200000",0,0.05,13,0,0,0,2023-04-03 14:35:47,0.05,0.37695935546875,FALSE,7200,TRUE,1e-05,3041.22,2023-04-04 12:52:04,0,0,0,2,3035.3,3027.9,"SPX230616P07200000"
"302",302,"SPX230616C07400000",0,0.05,250,0,0,0,2023-03-16 12:23:50,0.03,0.393560751953125,FALSE,7400,TRUE,1e-05,3388.95,2023-03-24 10:31:39,0,0,0,52,3233,3226.6,"SPXW230616P07400000"
"303",303,NA,NA,NA,NA,NA,NA,NA,NA,NA,NA,NA,7500,TRUE,1e-05,3352.92,2023-04-05 14:13:31,0,0,0,1,3332.5,3325.1,"SPX230616P07500000"
